{"cameraMode":{"drawMode":0,"name":"Shaded","section":"Shading Mode"},"sceneLighting":true,"audioPlay":false,"sceneViewState":{"showFog":true,"showMaterialUpdate":true,"showSkybox":true,"showFlares":true,"showImageEffects":true,"showParticleSystems":true},"in2DMode":false,"pivot":{"x":9.978309631347657,"y":8.792530059814454,"z":26.253734588623048},"rotation":{"x":0.1368090957403183,"y":0.32763269543647768,"z":-0.04800741374492645,"w":0.9336209297180176},"size":32.577842712402347,"orthographic":false}